{"cameraMode":{"drawMode":0,"name":"Shaded","section":"Shading Mode"},"sceneLighting":true,"audioPlay":false,"sceneViewState":{"m_AlwaysRefresh":false,"showFog":true,"showSkybox":true,"showFlares":true,"showImageEffects":true,"showParticleSystems":true,"showVisualEffectGraphs":true,"m_FxEnabled":true},"in2DMode":false,"pivot":{"x":-4.9833149909973148,"y":-3.2062363624572756,"z":3.510171413421631},"rotation":{"x":-0.20827683806419373,"y":0.4404500722885132,"z":-0.10587009787559509,"w":-0.8668919205665588},"size":29.839672088623048,"orthographic":false}